{
  "student": {
    "agreements": {
      "data_protection_agreement.pdf": {
        "path": "/documents/student/agreements/data_protection_agreement.pdf",
        "type": "application/pdf",
        "name": "Data Protection Agreement",
        "required": true,
        "priority": "high",
        "category": "legal",
        "description": "Core data protection terms covering UK GDPR responsibilities"
      },
      "data_protection_agreement.docx": {
        "path": "/documents/student/agreements/data_protection_agreement.docx",
        "type": "application/vnd.openxmlformats-officedocument.wordprocessingml.document",
        "name": "Data Protection Agreement (DOCX)",
        "required": true,
        "priority": "high",
        "category": "legal",
        "description": "Editable version of the Data Protection Agreement"
      },
      "safeguarding_agreement.pdf": {
        "path": "/documents/student/agreements/safeguarding_agreement.pdf",
        "type": "application/pdf",
        "name": "Safeguarding Agreement",
        "required": true,
        "priority": "high",
        "category": "legal",
        "description": "Safeguarding requirements for students, parents, and tutors"
      },
      "safeguarding_agreement.docx": {
        "path": "/documents/student/agreements/safeguarding_agreement.docx",
        "type": "application/vnd.openxmlformats-officedocument.wordprocessingml.document",
        "name": "Safeguarding Agreement (DOCX)",
        "required": true,
        "priority": "high",
        "category": "legal",
        "description": "Editable version of the Safeguarding Agreement"
      }
    }
  }
}